best epoch, train loss, train mae, valid loss, valid mae, test loss, test mae
00000060, 1.73499370, 0.54613614, 2.54071736, 0.68293220, 2.19249964, 0.59998006
